id,order_id,datetime,name,variation_name,quantity,base,total,type
l81m7ES26VmumujguucGqrOwvaB,qN8lD0v5XKIcu7rCJxerxz2eV,2024-09-08 13:32:52.979,,,1,5.0,5.0,Physical
dS0JehFUxt78q1qDl0R0Og0PQlTZY,Mgtjvk33WsnAaPXFJkCBvk7AGqDZY,2024-09-07 17:01:52.289,,,1,5.0,5.0,Physical
rFCT952QctQGUBe3irTKOQuAvaB,oMMj4lmnsLrSUBOMmpz2daveV,2024-09-07 15:47:01.072,(G)I-DLE - 2 (Random Ver.),"Incl. 96PG Booklet, Lyric Paper, Mini-POSTER, Envelope, Photocard, Film Photocard, Message Card + Sticker",1,34.95,34.95,Physical
pipTdMREdUMAzl8sMyvQP9druaB,SrpX2Gm1qGT4ZQoMWQPmNn5eV,2024-09-07 12:33:15.011,,,1,10.0,10.0,Physical
FyWnCPcl9ldZNYOgjJS1JgLuuaB,OtXvbqlJh00Qtepy7j0A3y9eV,2024-09-07 12:30:22.274,,,1,5.0,5.0,Physical
nZ7qTKtAYesjygZJiG0ktbM8vaB,iXDtlnV8BWBkNHe580TggdpeV,2024-09-06 15:50:36.809,,,1,5.0,5.0,Physical
3DAYNa56TT1CUFfLUXa9LUypvaB,qHLmHsFoUzntjKkqMVImN5feV,2024-09-05 19:16:27.099,,,1,5.0,5.0,Physical
D9Kmk0kf9G9v0BYllm5pr76ivaB,O7OZivKxR8xUaRS8SvAjjPyeV,2024-08-31 15:16:25.523,(G)I-DLE - 2 (Random Ver.),"Incl. 96PG Booklet, Lyric Paper, Mini-POSTER, Envelope, Photocard, Film Photocard, Message Card + Sticker",1,34.95,34.95,Physical
VGI3T9ma7NIJuz9wrEifmoz69o6YY,04V8WGr7PdAOa9d2y7Q1qcTzBeIZY,2024-08-31 14:47:08.855,,,1,5.0,5.0,Physical
TNq63ok7UKYIzch1O5f3JFeZuaB,cU1WVRzcYDvm8yfSlyOqYa1eV,2024-08-31 14:21:28.758,(G)I-DLE - 2 (Random Ver.),"Incl. 96PG Booklet, Lyric Paper, Mini-POSTER, Envelope, Photocard, Film Photocard, Message Card + Sticker",1,34.95,34.95,Physical
TNq63ok7UKYIzch1O5f3JFeZuaB,cU1WVRzcYDvm8yfSlyOqYa1eV,2024-08-31 14:21:28.758,Enhypen-Romance : Untold,Regular,1,39.95,39.95,Physical
puZ8J1NMIoANtLRPYdvIPdMOvaB,u3q4MVK6W3mtdfrrkRQdC3teV,2024-08-30 16:20:09.853,ATEEZ [GOLDEN HOUR: Part 1],Golden Hour : Part.1 10th Mini Album+Extra Photocards Set,1,39.95,39.95,Physical
puZ8J1NMIoANtLRPYdvIPdMOvaB,u3q4MVK6W3mtdfrrkRQdC3teV,2024-08-30 16:20:09.853,"Stray Kids Rock-Star (Rock, Roll Ver.)",Regular,1,37.95,37.95,Physical
nDAm1ubifyGyTy92VI9rdq5quaB,EKi4dqrZo2199O4MxaNWMoxeV,2024-08-29 12:32:54.367,,,1,5.0,5.0,Physical
Be3AI5WgsqNBp4U0rLCqhxZe1h8YY,a7HL7cfqvAhqyavKaaT7jn2nRgCZY,2024-08-25 14:58:22.550,Enhypen-Romance : Untold,Regular,1,39.95,39.95,Physical
vj8FD7lPvHhBIZNGRSU2uoKFUZ9YY,4o0OxamlRzrtAd34dtlWl5hpc2eZY,2024-08-25 11:37:29.474,,,1,5.0,5.0,Physical
vNJrGmtCUg5P7CAVS0cEcdHhuaB,MSWZL9OBVkLqyZaHiGb7oR8eV,2024-08-24 15:33:31.149,Seventeen - Best Album 17 Is Right Here (Random Ver.),Regular,1,49.95,49.95,Physical
HT8mW6qQ5gi3C8xaftQCBgMkvaB,s4jgAwz6MldGo5YWfqYh3YpeV,2024-08-24 15:31:54.744,Seventeen - Best Album 17 Is Right Here (Random Ver.),Regular,1,49.95,49.95,Physical
jPfwUcaeTodVcbls7oB5mhWguaB,WVlhxK0VRxv9j0FPXlRiEbteV,2024-08-24 11:49:07.725,Twice With You-th (Random Ver.),Regular,1,35.95,35.95,Physical
71Y4TXOH0jzOxmNz0IDOZ1IKfp9YY,cawilfA7zBHZsB68RDKG7ZnU5BKZY,2024-08-22 16:37:48.847,Stray Kids ATE (Accordion Ver.),Regular,1,38.95,32.0,Physical
FYND3v4LYgxmh7VlOwbx7Sn2uaB,kwvPSNeAlKXBssNived9XVAfV,2024-08-22 11:56:45.395,Stray Kids ATE (Accordion Ver.),Regular,1,38.95,38.95,Physical
3JtLY2A7cOjkaa9CJC2qcCsDuaB,IAEcrhzbpYI7fzJVh4IKkAseV,2024-08-21 16:06:43.297,ATEEZ [GOLDEN HOUR: Part 1],Golden Hour : Part.1 10th Mini Album+Extra Photocards Set,1,39.95,39.95,Physical
rDh73Slscah5YGcTcThKElFBwaB,ul5Yw6oIa1GmbPj7SsGSyhweV,2024-08-20 14:30:52.704,"Stray Kids Rock-Star (Rock, Roll Ver.)",Regular,1,37.95,37.95,Physical
Z0sg0Hd4MlbAOzSS6XOttQcAvaB,42PGPojOsEmXsh4Dhi6eZ0geV,2024-08-18 16:42:21.683,Seventeen - Best Album 17 Is Right Here (Random Ver.),Regular,1,49.95,42.0,Physical
fvCnpzOMF8aNmTsGogGl0C1guaB,ulnfAc7IgSsbV4vpJ3Yr8DmeV,2024-08-18 16:13:48.984,Ateez The World EP.FIN : Will (Platform Ver.),Regular,1,23.95,23.95,Physical
1YNttNoMwo6CBwDB1UWpGuKgrUCZY,SjV97D5BoGhBdPCDGzEhJk2T6VYZY,2024-08-18 15:05:42.747,,,1,5.0,5.0,Physical
dCwfYPIGGzal2OYSz9iqYyXPr2IZY,OLoAT8YMJgAS9pbxImqLdMw9MCJZY,2024-08-18 15:02:02.784,,,1,10.0,10.0,Physical
p4KaXkEKm6zdQFKOn0b0oZlsxeJZY,q96UGGLjsq7pfkPyTSEPpemqVYEZY,2024-08-18 14:54:42.707,,,1,10.0,10.0,Physical
vBJG4JtIhYO9nSgDNdPTjbYOuaB,EqmIqLFoDSBkT2KOFc81KYgeV,2024-08-18 14:45:19.533,Seventeen - Best Album 17 Is Right Here (Random Ver.),Regular,1,49.95,49.95,Physical
H1fFLf4ckJMDj9inw4FsGT4DuRHZY,wuLbPalbOZM4qrDz1ENqVmktyfdZY,2024-08-18 13:10:22.502,,,1,5.0,5.0,Physical
9kXQBreoW5ASBQ5jTDXQI8WOWcFZY,qpeJrDuQ1QY2EoA935RAHN7FfgEZY,2024-08-18 12:56:01.647,,,1,10.0,10.0,Physical
9kXQBreoW5ASBQ5jTDXQI8WOWcFZY,qpeJrDuQ1QY2EoA935RAHN7FfgEZY,2024-08-18 12:56:01.647,,,1,5.0,5.0,Physical
d68DgeHGr6Iq7OxsP47TzsetuaB,wmbDNKneu7wm4hCJUUNUCnoeV,2024-08-18 12:20:43.819,,,2,5.0,10.0,Physical
liC5UVRLd1DZDDnNc3G8146Dh2MZY,SVa5vfjJINV5pvXKe3VGJRlHxrDZY,2024-08-18 11:47:49.556,,,1,10.0,10.0,Physical
DnVvVfduIvvi7qTaVywqjc8zvaB,635V2N8JSyeGFsmSFYFeMGreV,2024-08-17 16:34:48.116,Zerobaseone 3rd Mini Album [You Had Me at Hello] (Random),Regular,1,39.95,39.95,Physical
7NYggGOZVGnlBM5oE6HnhUrrvaB,MmAboDEzFXp4T64XmE5yZNleV,2024-08-16 16:21:40.468,,,1,5.0,5.0,Physical
9EbEm3el5elPWxJZSr5oftVcuaB,GrOydtPkNv2vsj3MSGpgjoreV,2024-08-16 14:56:07.044,,,1,5.0,5.0,Physical
jFi6zqGLGY7oRqJAzEmEt24TnYGZY,qtwbyiZOCRXrYHScvhX9TPRmYWPZY,2024-08-16 11:38:10.833,Enhypen-Romance : Untold,Regular,1,39.95,39.95,Physical
BShw4Fnk9boOtwyzPBXrBzIKvaB,gw60QMakDR2mef0eUwGlP4meV,2024-08-16 11:11:26.775,BTS Jimin Face (Random Ver.),Regular,1,39.95,39.95,Physical
PLshM5wQDn0RJXNUCJdDLt6IuaB,GzGADnN8J1cE0LQaCiqnRp2eV,2024-08-15 19:49:10.209,Seventeen - Best Album 17 Is Right Here (Random Ver.),Regular,1,49.95,49.95,Physical
rL7EE382CUWV5uOeYeMBz5bAwaB,ISPnyuRQ3KtbbFi6KrzyEbkeV,2024-08-15 17:56:29.511,Enhypen-Romance : Untold,Regular,1,39.95,39.95,Physical
rL7EE382CUWV5uOeYeMBz5bAwaB,ISPnyuRQ3KtbbFi6KrzyEbkeV,2024-08-15 17:56:29.511,NCT Wish - Wish (Photobook Ver.),Photobook Version,1,33.95,33.95,Physical
bF04WEF33flOOKWoijULMae3uaB,EGqD4Y4PSIgOTQ5t2xVqiEfeV,2024-08-15 16:11:51.912,,,1,10.0,10.0,Physical
HzGBfxLmPCVbTwVWtAAEUyQXuaB,KJOd2jiGtTGyLEMJw5bLdGqeV,2024-08-14 16:40:02.680,Ateez The World EP.FIN : Will (Platform Ver.),Regular,1,23.95,23.95,Physical
VmOki0KdoLcCUTjWmzPSzrVVvaB,YKt8DY0RIcaCMRGzMKwuvDpeV,2024-08-14 16:35:55.268,Ateez The World EP.FIN : Will (Platform Ver.),Regular,1,23.95,23.95,Physical
94dO3wZrzA5C5Q2IE6gTDkMjuaB,K5CzUq36IhxbsLWr1ymUc3veV,2024-08-12 13:41:51.037,,,1,10.0,10.0,Physical
94Zu0iPp449T5kxwTmHhJNvJuaB,I0MfXQlrsPXl8Wl6TLClpi1eV,2024-08-11 15:48:31.883,Enhypen-Romance : Untold,Regular,1,39.95,39.95,Physical
7VEqpdOnFVVIXtWMMJ48V8PfuaB,yZWSIoSQepwEzObttQ7TG7geV,2024-08-11 14:45:02.875,Enhypen-Romance : Untold,Regular,1,39.95,39.95,Physical
7VEqpdOnFVVIXtWMMJ48V8PfuaB,yZWSIoSQepwEzObttQ7TG7geV,2024-08-11 14:45:02.875,"Stray Kids - ATE (Chk Chk Ver., Boom Ver.)",Ate Limited Edition Ate Version CD+PO Benefit,1,39.95,39.95,Physical
F0pwOnxIlq7X0tFk1pREjgWIvaB,IaHD368ZJX8parLmp1EzaJjeV,2024-08-11 11:49:24.472,,,1,15.95,15.95,Physical
VY91VKjkC6VdCZvswVKvyKoWGmeZY,AGFKGIsF04SLxU2M4jLT3uP0CbLZY,2024-08-10 16:55:27.704,,,1,5.0,5.0,Physical
vNVhYTf7uc3suJ1apNVwfOMlvaB,2TaQLrEy6p4q8FU9cfyJDuyeV,2024-08-10 16:13:40.900,,,1,18.45,18.45,Physical
VSIE9GCUK47SxR2bYSZIDIzPuaB,gs6jjOIIeYXZumj4xjArQi0eV,2024-08-10 15:36:16.618,Enhypen-Romance : Untold,Regular,1,39.95,39.95,Physical
pOJUVLyPjx8ZMKEHILQ5tK66uaB,wMWlo8dfGxQrxrVVSRnsOs4eV,2024-08-10 15:15:56.846,BTS Butter (Random Ver.),BTS,1,37.95,37.95,Physical
pOJUVLyPjx8ZMKEHILQ5tK66uaB,wMWlo8dfGxQrxrVVSRnsOs4eV,2024-08-10 15:15:56.846,BTS Map of the Soul: Persona (Random Ver.),Regular,1,35.95,35.95,Physical
pOJUVLyPjx8ZMKEHILQ5tK66uaB,wMWlo8dfGxQrxrVVSRnsOs4eV,2024-08-10 15:15:56.846,Paper Bag,Regular,1,1.0,1.0,Physical
Rq7vFUEBKMJuNXtxIKmGzUSoIR7YY,Wn4wFLPJDwKfvHZRjsrEkbL7m8LZY,2024-08-10 14:53:59.022,"Stray Kids - ATE (Chk Chk Ver., Boom Ver.)",Ate Limited Edition Ate Version CD+PO Benefit,1,39.95,39.95,Physical
deqh2buzuqA8H7vptCJHEZcjfvLZY,qrJo4Hc0GAXM1ErmqRlxeEHV7qXZY,2024-08-10 13:07:43.904,Stray Kids - I am Not (Random Version),Regular,1,35.95,35.95,Physical
deqh2buzuqA8H7vptCJHEZcjfvLZY,qrJo4Hc0GAXM1ErmqRlxeEHV7qXZY,2024-08-10 13:07:43.904,Stray Kids ATE (Accordion Ver.),Regular,1,38.95,38.95,Physical
deqh2buzuqA8H7vptCJHEZcjfvLZY,qrJo4Hc0GAXM1ErmqRlxeEHV7qXZY,2024-08-10 13:07:43.904,Paper Bag,Regular,1,1.0,1.0,Physical
3n4h2tjcvGD5awISV8SozH6KyDNZY,AGDxkNqSuH6x1irhi3md5TLSW5XZY,2024-08-10 12:59:15.720,"Stray Kids - ATE (Chk Chk Ver., Boom Ver.)",Ate Limited Edition Ate Version CD+PO Benefit,1,39.95,39.95,Physical
DrVkuiX6swttQbD3YOIiJYueCq6YY,0oDVDHiCEF70QgrNzFIlepZxsRdZY,2024-08-10 12:58:12.650,Enhypen-Romance : Untold,Regular,1,39.95,39.95,Physical
x6Z6DmJnE02n2b0MlkfdqlgDvaB,cgf8Nys6O0kYrFiN6bOfzP5eV,2024-08-10 12:28:10.941,ATEEZ [GOLDEN HOUR: Part 1],Golden Hour : Part.1 10th Mini Album+Extra Photocards Set,1,39.95,39.95,Physical
zRgw7GPcGtyrOVHkHzW2zYsGuaB,kqQLxkHzoe7bVnwGg1ZDTQyeV,2024-08-10 10:01:55.408,Le Sserafim Easy (Random Ver.),Regular,1,36.95,36.95,Physical
bdcSMa2C1mvY6ARnTzFW8eBUuaB,gaPkoKhEASD2nCpH66uZ3akeV,2024-08-09 14:16:54.826,,,1,39.95,39.95,Physical
3ldQWoKuo8NYZ9B7s851BUeIvaB,IiLLHIyW3mIH1JdO7XpVX8neV,2024-08-07 15:06:54.373,"Stray Kids - ATE (Chk Chk Ver., Boom Ver.)",Ate Limited Edition Ate Version CD+PO Benefit,1,39.95,39.95,Physical
hC3ND8fDEwJpIsBtpBbc7h1isWOZY,GjOKl5Y5X7j0Tsu8VqU0s5bz9T9YY,2024-08-07 12:06:34.065,,,1,5.0,5.0,Physical
D37c4lJ1XMMzgzvzVOaUEMWATQJZY,s8rlobJZTUae6zk2D0wrU96GeVMZY,2024-08-05 14:13:25.510,Twice With You-th (Random Ver.),Regular,1,35.95,35.95,Physical
1gVx2166ZeTdWdgF2vawncmVuaB,KjHfstVs4yiqqXdRKBpCIt4eV,2024-08-04 12:52:12.813,,,1,1.0,1.0,Physical
1gVx2166ZeTdWdgF2vawncmVuaB,KjHfstVs4yiqqXdRKBpCIt4eV,2024-08-04 12:52:12.813,Nayeon (Twice) - NA (Random Ver.),Regular,1,39.95,39.95,Physical
7jRxfjyjK25QDo52YoHkor8quaB,YqDz7VPxdV4KNq1xHrpt0E6eV,2024-08-04 12:10:48.254,NCT127 - Fact Check (Photobook Ver.),Photobook Version,1,35.95,35.95,Physical
JGpCr8tVhMJ7IkLCabyqFFHFvaB,kABIkZAoEs24L4hZ7KJyWsgeV,2024-08-03 15:51:51.408,,,1,5.0,5.0,Physical
B86EF7Bbd5J32zkxGBaL5mIVrJaZY,mZRsQ0ukCij8WfLuoMRCiRZxfYQZY,2024-08-03 15:01:11.569,(G)I-DLE - 2 (Random Ver.),"Incl. 96PG Booklet, Lyric Paper, Mini-POSTER, Envelope, Photocard, Film Photocard, Message Card + Sticker",1,34.95,34.95,Physical
TZi3L5mwRqppn5ODBwBB4SvQFSdZY,Ms5CxwWuqsMF9rZwUmcGVxC3r7FZY,2024-08-02 16:25:33.675,Aespa Drama (Giant Ver.),Regular,1,36.95,36.95,Physical
TZi3L5mwRqppn5ODBwBB4SvQFSdZY,Ms5CxwWuqsMF9rZwUmcGVxC3r7FZY,2024-08-02 16:25:33.675,Nayeon (Twice) - NA (Random Ver.),Regular,1,39.95,39.95,Physical
TZi3L5mwRqppn5ODBwBB4SvQFSdZY,Ms5CxwWuqsMF9rZwUmcGVxC3r7FZY,2024-08-02 16:25:33.675,Le Sserafim Easy (Random Ver.),Regular,1,36.95,36.95,Physical
nVftlbttaBzMh1wWFogwYI6YvaB,Q2FWSJIfQdVsr5ozb7RydnkeV,2024-08-02 15:37:33.455,Nayeon (Twice) - NA (Random Ver.),Regular,1,39.95,39.95,Physical
HJLc0YVEaOB9lBU6j5y3OnJp3pYZY,EUHO4OL2VKPYdvnOpgQHtrxD3TaZY,2024-07-31 16:29:03.225,,,1,15.0,15.0,Physical
TV6mWaC7yyXVrp22eaTHZ8EUvaB,8AVp0YE1ArdAHjhHd3ErFh6eV,2024-07-31 14:02:25.320,BTS JungKook Golden (Random Ver.),Jungkook BTS,1,39.95,39.95,Physical
PTwzTKxGsXrFcPtjXPmYrc8OjwNZY,AoczYKvTmsYfb0hp1iytDT1eyBBZY,2024-07-31 10:36:13.865,,,1,31.5,31.5,Physical
xwGnfNKRISnT6cO2UJT6ZE7WQnRZY,GNPAQJZzNOsIfRMviDQDCV9iCNZZY,2024-07-28 11:49:44.546,,,1,28.0,28.0,Physical
B8ieQnrwlfkaEze6NpbzaawyMWGZY,ufe23hNIZIu2dLPWnsWyoGHxWh9YY,2024-07-28 11:49:27.685,,,1,29.0,29.0,Physical
l20zpQq750qjlQZxeWxR68S4u09YY,8CKJTUJ9qCzjNedxu9NT6Dhx1G9YY,2024-07-28 11:49:09.721,,,1,30.0,30.0,Physical
nr4qiA9fM7uZpl4I67qCSq4cwaUZY,WPgU1bWSSAvBgcXnUs47DIPuldcZY,2024-07-28 11:48:51.766,,,1,30.5,30.5,Physical
zRGTpZVTMBWh2D5Vrtz7vYBiO1TZY,Eyg5nqsWbeZqEitMy4k1xGUAH7BZY,2024-07-28 11:47:52.777,,,1,31.5,31.5,Physical
PJJatNTPfGn1IBHNq4RHDL6ro0GZY,c4vAUhsbWHylwnevv7W7kV9Tl3PZY,2024-07-28 11:24:55.776,,,1,31.5,31.5,Physical
DdWU2N4pY4tg7sQ0PoyzIEOCb5YZY,U2gOtEQlLqlFlG5WU82vHD3FNLMZY,2024-07-28 11:16:15.762,(G)I-DLE - 2 (Random Ver.),"Incl. 96PG Booklet, Lyric Paper, Mini-POSTER, Envelope, Photocard, Film Photocard, Message Card + Sticker",1,34.95,34.95,Physical
DdWU2N4pY4tg7sQ0PoyzIEOCb5YZY,U2gOtEQlLqlFlG5WU82vHD3FNLMZY,2024-07-28 11:16:15.762,(G)I-DLE - 2 (Random Ver.),"Incl. 96PG Booklet, Lyric Paper, Mini-POSTER, Envelope, Photocard, Film Photocard, Message Card + Sticker",1,34.95,34.95,Physical
DdWU2N4pY4tg7sQ0PoyzIEOCb5YZY,U2gOtEQlLqlFlG5WU82vHD3FNLMZY,2024-07-28 11:16:15.762,(G)I-DLE - 2 (Random Ver.),"Incl. 96PG Booklet, Lyric Paper, Mini-POSTER, Envelope, Photocard, Film Photocard, Message Card + Sticker",1,34.95,34.95,Physical
XPkp0YJvPSauVnDt4N2GbaQc31cZY,U2gOtEQlLqlFlG5WU82vHD3FNLMZY,2024-07-28 11:15:32.849,(G)I-DLE - 2 (Random Ver.),"Incl. 96PG Booklet, Lyric Paper, Mini-POSTER, Envelope, Photocard, Film Photocard, Message Card + Sticker",1,34.95,34.95,Physical
XPkp0YJvPSauVnDt4N2GbaQc31cZY,U2gOtEQlLqlFlG5WU82vHD3FNLMZY,2024-07-28 11:15:32.849,(G)I-DLE - 2 (Random Ver.),"Incl. 96PG Booklet, Lyric Paper, Mini-POSTER, Envelope, Photocard, Film Photocard, Message Card + Sticker",1,34.95,34.95,Physical
XPkp0YJvPSauVnDt4N2GbaQc31cZY,U2gOtEQlLqlFlG5WU82vHD3FNLMZY,2024-07-28 11:15:32.849,(G)I-DLE - 2 (Random Ver.),"Incl. 96PG Booklet, Lyric Paper, Mini-POSTER, Envelope, Photocard, Film Photocard, Message Card + Sticker",1,34.95,34.95,Physical
DVSICmWm7aQqgxGkKOo1hklkZKDZY,U2gOtEQlLqlFlG5WU82vHD3FNLMZY,2024-07-28 11:15:09.233,(G)I-DLE - 2 (Random Ver.),"Incl. 96PG Booklet, Lyric Paper, Mini-POSTER, Envelope, Photocard, Film Photocard, Message Card + Sticker",1,34.95,34.95,Physical
DVSICmWm7aQqgxGkKOo1hklkZKDZY,U2gOtEQlLqlFlG5WU82vHD3FNLMZY,2024-07-28 11:15:09.233,(G)I-DLE - 2 (Random Ver.),"Incl. 96PG Booklet, Lyric Paper, Mini-POSTER, Envelope, Photocard, Film Photocard, Message Card + Sticker",1,34.95,34.95,Physical
DVSICmWm7aQqgxGkKOo1hklkZKDZY,U2gOtEQlLqlFlG5WU82vHD3FNLMZY,2024-07-28 11:15:09.233,(G)I-DLE - 2 (Random Ver.),"Incl. 96PG Booklet, Lyric Paper, Mini-POSTER, Envelope, Photocard, Film Photocard, Message Card + Sticker",1,34.95,34.95,Physical
TLb3NARXDCJJvkgQYqpmnyJXWp8YY,kawP18ag652DHnAbSAXb2HxNxtQZY,2024-07-28 11:14:27.546,(G)I-DLE - 2 (Random Ver.),"Incl. 96PG Booklet, Lyric Paper, Mini-POSTER, Envelope, Photocard, Film Photocard, Message Card + Sticker",1,34.95,34.95,Physical
TLb3NARXDCJJvkgQYqpmnyJXWp8YY,kawP18ag652DHnAbSAXb2HxNxtQZY,2024-07-28 11:14:27.546,(G)I-DLE - 2 (Random Ver.),"Incl. 96PG Booklet, Lyric Paper, Mini-POSTER, Envelope, Photocard, Film Photocard, Message Card + Sticker",1,34.95,34.95,Physical
bLBTxgB1VuUzUtVy927J024QagWZY,kawP18ag652DHnAbSAXb2HxNxtQZY,2024-07-28 11:14:10.789,(G)I-DLE - 2 (Random Ver.),"Incl. 96PG Booklet, Lyric Paper, Mini-POSTER, Envelope, Photocard, Film Photocard, Message Card + Sticker",1,34.95,34.95,Physical
bLBTxgB1VuUzUtVy927J024QagWZY,kawP18ag652DHnAbSAXb2HxNxtQZY,2024-07-28 11:14:10.789,(G)I-DLE - 2 (Random Ver.),"Incl. 96PG Booklet, Lyric Paper, Mini-POSTER, Envelope, Photocard, Film Photocard, Message Card + Sticker",1,34.95,34.95,Physical
JiDWEfI0Zswof29AmV0bwcrvriXZY,aXFTktbDrst4e3aTLqgDlrb3wGTZY,2024-07-28 11:13:42.424,(G)I-DLE - 2 (Random Ver.),"Incl. 96PG Booklet, Lyric Paper, Mini-POSTER, Envelope, Photocard, Film Photocard, Message Card + Sticker",1,34.95,34.95,Physical
nXEpGz2E9pSVGVUA53qISYlSynKZY,atM1wWpsH3JWNkUHytNo2ZU8PhKZY,2024-07-28 11:13:12.497,(G)I-DLE - 2 (Random Ver.),"Incl. 96PG Booklet, Lyric Paper, Mini-POSTER, Envelope, Photocard, Film Photocard, Message Card + Sticker",1,34.95,34.95,Physical
dwBilAU8ZftxpMWHZ3y5nzi5uaB,0y0v2okyvwQZ3pmAmetDgOteV,2024-07-25 16:29:52.316,,,1,5.0,5.0,Physical
RGBtARcsX4AlGGFg2znjC80muaB,UUZT7n2EzQD5xWidMCZlOJAfV,2024-07-21 14:54:13.777,,,1,10.0,10.0,Physical
HZdBGDycDf91Yi4CB4apXC6nuaB,Gx9k10kvNkJypo6MDQnpLczeV,2024-07-20 14:43:51.849,,,1,15.0,15.0,Physical
lgN5zebLTa3N17GKr9jOFZa2uaB,KpkQexdI1CuJviIzyLQqU06eV,2024-07-20 14:40:18.981,,,1,5.0,5.0,Physical
B8QDVWPmZQyk04ZOxMcTsDcOuaB,suqqIpSBAO9yTx8Vj8mvPt7eV,2024-07-20 11:46:37.134,NCT Dream - Dream()Scape (Photobook Ver.),Dream Scape,1,38.95,38.95,Physical
PDMLcTAyixEawMegbdKFICODuaB,6nJtYdH2b2be6TtB8w4nwHoeV,2024-07-19 16:25:43.838,,,1,5.0,5.0,Physical
9ykDdfX9fH1nFIXVaR4oDjbDuaB,yZwhf1NtxS80RMucjicp1DxeV,2024-07-19 16:04:17.912,,,1,20.0,20.0,Physical
bZqIhrHU5J3NTixHECFLWnDLuaB,UkNrOYuyKA9iu2lPlOgjN02eV,2024-07-19 16:02:41.769,,,1,10.0,10.0,Physical
758ry681xY1z1wAQGJaBVTl6taB,ujISpWk8haD6gDKdxfj5xD5eV,2024-07-19 16:02:16.782,,,,,,
XrgaTrg4ylviW6VgGBmbeOpiuaB,AKJlEnzNx2mjPUfn1fqYsW7eV,2024-07-19 15:45:20.311,,,1,15.0,15.0,Physical
x8K0utoNOnFMKgct1D1psZJFvaB,EucakIo0OXVvDyHp0iRAGozeV,2024-07-19 15:37:01.156,,,1,50.0,50.0,Physical
Hl9oFmdr1pDpg8tuvQ33Kpm9vaB,UIpubnUeZwYHCZQqCWwW5ioeV,2024-07-19 15:21:17.066,,,1,15.0,15.0,Physical
xunWoCgp6xFZRQrSNU5Ye9NuuaB,u3QtZN7cMDXHszzwBVaQllqeV,2024-07-19 15:00:34.367,,,1,15.0,15.0,Physical
3H4Xrg5wiJ78W8V0k7uRpaV5vaB,Awkv5U9WbBMAqlAFWGWpTdjeV,2024-07-19 14:36:02.459,,,1,15.0,15.0,Physical
zjJgJJd1DxmJ6YK1RehRI74dbGbZY,Qi3oZB9r4LN6zYGKdVZbwNPbwh9YY,2024-07-18 17:26:08.417,BTS Butter (Random Ver.),BTS,1,37.95,37.95,Physical
zjJgJJd1DxmJ6YK1RehRI74dbGbZY,Qi3oZB9r4LN6zYGKdVZbwNPbwh9YY,2024-07-18 17:26:08.417,Stray Kids - NoEasy (Random Ver.),Regular,1,38.95,38.95,Physical
zjJgJJd1DxmJ6YK1RehRI74dbGbZY,Qi3oZB9r4LN6zYGKdVZbwNPbwh9YY,2024-07-18 17:26:08.417,BTS Jimin Face (Random Ver.),Regular,1,39.95,39.95,Physical
Bq33ZvCBJkAeFaX6yiuvXOAHvaB,6zXZGepO6wCgdCTPMqeddO8eV,2024-07-18 16:34:21.634,,,1,5.0,5.0,Physical
Bq33ZvCBJkAeFaX6yiuvXOAHvaB,6zXZGepO6wCgdCTPMqeddO8eV,2024-07-18 16:34:21.634,,,1,1.0,1.0,Physical
lclYiBtcHGqVH11FbA8beKJHvaB,ednNdZkiAm3KC25a0ehLl2oeV,2024-07-18 15:07:00.621,NewJeans - How Sweet (Random Ver.),Regular,1,39.95,39.95,Physical
FURwY5SRZnQePoHzOiPUWJDyuaB,67lSUsbEu2q6HHVdY5ksEUieV,2024-07-18 12:38:10.281,,,1,18.5,18.5,Physical
ntXzhnmzR1fnZtfIHtSTcSdRuaB,ijFTBD1sBdF5cHKtRFdhQK9eV,2024-07-18 11:37:39.150,NewJeans - How Sweet (Random Ver.),Regular,1,39.95,39.95,Physical
TZGVZbnjPGjyrPqOcth0SMTR75AZY,i9YoWTGXHqNeWpMrV8duLH1nH8KZY,2024-07-18 11:18:31.775,Le Sserafim Easy (Random Ver.),Regular,1,36.95,36.95,Physical
bPHrcagQFQAOrU9pEZ5F9QFkvaB,WT20WmIdASlHLgiGLmd5mdjeV,2024-07-17 16:41:14.919,Aespa - Armageddon (Poster Ver.),Regular,1,36.95,36.95,Physical
bPHrcagQFQAOrU9pEZ5F9QFkvaB,WT20WmIdASlHLgiGLmd5mdjeV,2024-07-17 16:41:14.919,Nayeon (Twice) - NA (Random Ver.),Regular,1,39.95,39.95,Physical
9aIn3foQW1dc1ccmIzTwibuDvaB,6hQ0plXDzvhc3GcdYmmpgOmeV,2024-07-17 15:42:11.133,BTS Map of the Soul: Persona (Random Ver.),Regular,1,35.95,35.95,Physical
pOtAgQreHXHQnCCzZiizpzHQvaB,QEKF8aGytjXWp9fmhXHzjq9eV,2024-07-17 15:22:14.500,Aespa - Armageddon (Poster Ver.),Regular,1,36.95,36.95,Physical
7TF3nRQ1132eoBS2p2W5H0MNuaB,6rrly6iv9j4Ehp2prbaZK44eV,2024-07-17 15:09:29.511,Seventeen - Best Album 17 Is Right Here (Random Ver.),Regular,1,49.95,49.95,Physical
XfWi2qi5Bz5wtuSiSDvxBXG1uaB,4m3EkBT0cheDWL7xl962jgqeV,2024-07-17 14:15:02.339,,,1,5.0,5.0,Physical
tARegs2DxDl9UK6RXtXnnF5BuaB,S7ZpHlbC7VBVPXnT96Em3E3eV,2024-07-15 12:20:41.581,NewJeans - How Sweet (Random Ver.),Regular,1,39.95,39.95,Physical
nZdXrLlHRZG9oAYCSJgsj9C0uaB,mppu0wWKcJuGP8v1LZ6mbb2eV,2024-07-14 17:19:28.906,,,1,20.0,20.0,Physical
vnmdrmdLw5GnihjNP3Icnkz0vaB,Y2TAfpLc6cylT604GfErLnieV,2024-07-14 17:18:38.804,,,,,,
3db719u6SKi2zj3OraL5dhZhuaB,kS8ffxBTwP7xtB6r6KLm5ZmeV,2024-07-14 16:29:50.797,,,1,15.95,15.95,Physical
7ftonTZvTgGVms2gI6EJhjEovaB,y1s2E8nF6DBMRezBK9Rpl6jeV,2024-07-14 15:51:04.094,,,1,5.0,5.0,Physical
xOnsRnsIN6OGWM9ZwOul8k2j0ZFZY,Q6JzjGsWWD2OV63FhSIjizIoUwXZY,2024-07-14 13:33:36.908,,,1,5.0,5.0,Physical
jTHxJ195qNe7M8PWUFyXtXYyTiQZY,gMAg849KBY1PH3l2p9NwjMx4LoEZY,2024-07-14 13:31:54.088,,,1,5.0,5.0,Physical
PJPLmevV6BlsIKG1OvH7YQF5uaB,I6VybUSxB6zoBjoy6bABGUmeV,2024-07-14 13:26:47.662,Le Sserafim Easy (Random Ver.),Regular,1,36.95,36.95,Physical
PJPLmevV6BlsIKG1OvH7YQF5uaB,I6VybUSxB6zoBjoy6bABGUmeV,2024-07-14 13:26:47.662,Paper Bag,Regular,1,1.0,1.0,Physical
npljjy6I25mbol50xc4O6jfGvaB,KRGHYK5fOJtmu2Wx7rFTVc0eV,2024-07-14 13:26:12.001,,,,,,
DRsURyydxzGJivxyoMTijJwOuaB,oCnt7UsoQp3qjCfym0xViU1eV,2024-07-14 12:26:54.487,Ateez The World EP.FIN : Will (Random Ver.),Ateez,1,31.95,31.95,Physical
DRsURyydxzGJivxyoMTijJwOuaB,oCnt7UsoQp3qjCfym0xViU1eV,2024-07-14 12:26:54.487,Paper Bag,Regular,1,1.0,1.0,Physical
RSTfQwzlpmoZjmYoOISLWdTquaB,SHLbbsFbfARfDsBBitLraYmeV,2024-07-13 16:52:01.418,Nayeon (Twice) - NA (Random Ver.),Regular,1,39.95,39.95,Physical
vBxA9UQzMcMKYROrK6oGnbWmuaB,MwlPmjnngJGAfAvH74V0rgxeV,2024-07-13 16:41:51.866,Stray Kids - NoEasy (Random Ver.),Regular,2,38.95,77.9,Physical
p0yti4PaNIimLJ6z1nndIMVHrYeZY,aFwPHgWtKVnhk45mEE3HiMYhmdXZY,2024-07-13 16:41:11.242,I’VE Mine (Random Ver.),I ' ve Mine - Random Cover,1,36.95,36.95,Physical
RWPuVA8lp9FiPS3UVgQVgEM4uaB,yfJgfEB5xpi9Pgspk1acHFheV,2024-07-13 16:02:01.421,,,1,5.0,5.0,Physical
d8LspGnUEW0dyN7sy9Q1dT49vaB,UQ9ShlrhLhKZX4MMj5eAl7oeV,2024-07-13 13:10:02.002,Stray Kids - NoEasy (Random Ver.),Regular,1,38.95,38.95,Physical
XH2UImv7sv0eOOV6zELrcMyZ8oSZY,ESecNwNEKdawk1EzxULtv2zczxTZY,2024-07-13 13:09:25.446,Stray Kids - NoEasy (Random Ver.),Regular,1,38.95,38.95,Physical
ZSdd06qVqU7hJWdGqWTk3wAruQOZY,oWlXUGFkPfmgGJ6Pth3cP4PrL3aZY,2024-07-13 12:44:14.519,Seventeen - Best Album 17 Is Right Here (Random Ver.),Regular,1,49.95,49.95,Physical
7HrzQivHcqtOSQZqvlQI6aUHT7LZY,EYtuM2ynrB40atVtSoPhqZtlLdbZY,2024-07-12 17:04:12.117,Aespa - Armageddon (Poster Ver.),Regular,1,36.95,36.95,Physical
Dx0gNaZpd6UNiLTkuAt7iTFEvaB,4ouJx1RUaXZAjiAnK2oIdKieV,2024-07-12 16:45:43.664,Seventeen - Best Album 17 Is Right Here (Random Ver.),Regular,1,49.95,49.95,Physical
XVlGJL73TCcUTE5Sro5Eo5JeuaB,4UEbcK5QoljsmGUcX4xYrmweV,2024-07-12 15:43:51.576,,,1,5.0,5.0,Physical
7xecX5uP0WDnZHMrLustrGrovaB,iJisPtJSWUWO5c8cfB7kSNseV,2024-07-12 12:24:28.333,Seventeen - Best Album 17 Is Right Here (Random Ver.),Regular,1,49.95,49.95,Physical
Hdz1HH3fOnPdBXY10ynF9CHZuaB,8GklNXAKVsdswT77gA0EPU8eV,2024-07-12 11:35:56.586,BTS Butter (Random Ver.),BTS,1,37.95,37.95,Physical
n1Nyy6oDt1nVhjDhGlG7FZXGa5SZY,gM2Zxr3RDum7SkxRIExaXK3YEdBZY,2024-07-11 14:21:28.411,,,1,10.0,10.0,Physical
7t0gN8BbDBPUZzkPAYs5gWl0vaB,gShZ90aKr1dwAjQ8vHSGQKveV,2024-07-11 12:49:07.016,,,1,30.0,30.0,Physical
XhVXJO8nysLe4IpV16aX79ZLuaB,qVIJ5v9ctnaHofjUwgiBCZneV,2024-07-10 12:23:01.571,,,1,5.0,5.0,Physical
dQ9mc6LCzYE59YCFi5qEb5jBwaB,mt15fud7cqFhjOyBUDV4lIveV,2024-07-10 11:46:59.808,,,1,10.0,10.0,Physical
JCfwsMT3nTBhyrkvOmbOfUEXvaB,k0bOlEi6VEPq6dyKVpuJhVieV,2024-07-10 11:34:14.391,,,1,15.0,15.0,Physical
1AfAfp8JjMSmBDzTAKYZVja8uaB,iLBfLmPFpZmAm1fG6Ipu2EpeV,2024-07-10 11:18:27.982,,,1,5.0,5.0,Physical
V8j98SpoPEU467TpSHQ4Tg29taB,a7Ba7KWXRNzkFbt5AV3OoU4eV,2024-07-10 11:11:05.506,NCT Dream - Dream()Scape (Photobook Ver.),Dream Scape,1,38.95,38.95,Physical
9OgAMD4vFygucPWap0KarPn5HKHZY,QkyDQzoWwwwobzbkfRfZlASUa9aZY,2024-07-09 17:18:10.372,,,1,5.0,5.0,Physical
VQTajBEXqQHMek3A3O94Qc7yJARZY,OvOIWkNrAv7faW1ctgNKGzIcdYUZY,2024-07-09 15:28:33.135,,,1,5.0,5.0,Physical
lUvPmFmN82JZPt1KvxNdcEm2uaB,KzBsGJPGY4irJas6UOC9dOleV,2024-07-08 17:30:32.798,,,1,5.0,5.0,Physical
Fy23GhkvyTyfwjtZCmSY0TkkvaB,K5GLFru8LJdpxE2fGC5FLOveV,2024-07-08 16:40:48.866,,,1,10.0,10.0,Physical
lGMdAvkkFBj8ye1O4RffUxeTvaB,0eyRFODUQmYnb3U0ZshwMAgeV,2024-07-08 14:38:01.517,Le Sserafim Easy (Random Ver.),Regular,1,36.95,36.95,Physical
VYLYRLG3IEJVkWpbcZx286ey7kNZY,KflvI9AdjhcxnDe8jJPJUUFgCscZY,2024-07-08 14:37:24.934,,,1,5.0,5.0,Physical
t2SfZjlo6GfOZglQvfiGtyhxlLQZY,40IhfeIOekWlHpO8S6iApWY9kSUZY,2024-07-08 14:07:33.676,BTS JungKook Golden (Random Ver.),Jungkook BTS,1,39.95,39.95,Physical
T7fz4COwCitLZjmMMHVmK2swuaB,8G6Q1JTIVF6qU9cQOs07H7geV,2024-07-08 13:04:42.348,,,1,15.0,15.0,Physical
1qIYStPARzCPPkKZIE2ShtnavaB,Mo9BCktdnRDKERvHY7AgSjleV,2024-07-07 12:42:36.218,Aespa Drama (Giant Ver.),Regular,1,36.95,36.95,Physical
bNYClpfPJmudTV74BerjIKexuaB,UWk26tJ31tfVdpAj0wPQq3veV,2024-07-04 17:16:23.411,,,1,5.0,5.0,Physical
JQ6Yt1BjZBgdtTyDYIq3C6hMuaB,MQtPg3rgGtGOAZnuWWbIpE6eV,2024-07-04 16:45:41.429,Seventeen - Seventeenth Heaven (Carat Ver.),Regular,1,34.95,34.95,Physical
PtfuSXNNQw3kfPvdh7sdH2UiuaB,2b60mXmaQvoVrfmDqdFwEzheV,2024-07-04 16:39:06.509,,,2,5.0,10.0,Physical
VyOnDt1ej9IZ1WTAUpkk8npJuaB,Kn32uyb8zx8VHZd5hDxRW8leV,2024-07-04 16:38:40.867,,,,,,
Xl3z5VlLvZgu1uGMGMlEo80UvaB,OR9VhwqodIz6xaO7ahX5dm4eV,2024-07-04 16:38:23.631,,,,,,
Boel4M8yyCAjGisBcFkLxhJsvaB,yhc5xZ90bsokvIti9MWjw3zeV,2024-07-04 12:51:16.896,,,4,5.0,20.0,Physical
zlWMWmTxOHQMhzkSr8Hb0odeuaB,EsTAPlT2wkkvnNlbZM2aRwqeV,2024-07-04 11:56:02.823,,,2,5.0,10.0,Physical
d66KssocQKM45OE4I1ESZjiPuaB,WdxDm5wSUKId7Mf8uhyscCkeV,2024-07-03 16:53:28.069,,,1,5.0,5.0,Physical
Fo1F0X7ZBUFt9fQ9MBzY4V4KuaB,4qdglDhSQ2hWqF39DMkjFwkeV,2024-07-03 15:11:43.599,,,1,5.0,5.0,Physical
1YnGhsi14iwIe8L7xWxWgwiD1kdZY,8ovCv8oSAAix5lfmbfeiVXnLNTQZY,2024-07-03 14:05:54.648,IU The Winning (Random Ver.) ,The Winning - Random Cover,1,39.95,39.95,Physical
3htJkhxArmNsPCPgWs4JZhtiDaJZY,uJph6QWQzQaQ6g4nYrEhs1u5uh8YY,2024-07-03 10:51:06.974,Paper Bag,Regular,1,1.0,1.0,Physical
7lGTLrgWu5RUSKxGETKauTzTuaB,oqNAgqXUORsyL9Rjhc0gEy7eV,2024-07-02 15:15:39.345,,,1,5.0,5.0,Physical
ZseJHhVDGrFqUx5KifrR6VBdvaB,Eq6s9Wh4zTtxSMM6iB2rKH4eV,2024-07-01 16:08:11.764,,,1,5.0,5.0,Physical
hoq57nMDQtdOT9nVKu1YgprBZ7DZY,UCkdlmRUHYPpYrSEPv5hxkrsWuLZY,2024-06-30 14:54:01.221,,,1,5.0,5.0,Physical
dO4YyANGHj46B6d3AxYd1hRw0ubZY,sMzJd9DzdAsuwsVkzXjXo2gNPtUZY,2024-06-30 14:50:12.686,Ateez The World EP.FIN : Will (Platform Ver.),Regular,1,23.95,23.95,Physical
l6arKjITBTQhuG7Z16avBexcgFEZY,WN5JECh6TL2dnQgXHY6jD0Z277ZZY,2024-06-30 12:57:03.883,,,1,5.0,5.0,Physical
BO9NPTWoaqwQgdZBl0q0cmhfuaB,MsntKwURh2FsmgxgcTma3UleV,2024-06-30 12:13:04.201,Ateez The World EP.FIN : Will (Random Ver.),Ateez,1,31.95,31.95,Physical
DHtnHLzCwQU4AOknN9MhLebb7GRZY,WTkbe6sUlM5IAqGdkZaOQrcU5WMZY,2024-06-29 13:45:50.753,Seventeen - Seventeenth Heaven (Carat Ver.),Regular,1,34.95,34.95,Physical
7LdZLgt5KV33szoUZb0GwIaO5x5YY,mvWXlRnKdzZGTGQMya4UwocyuCTZY,2024-06-29 13:41:31.731,Ateez The World EP.FIN : Will (Random Ver.),Ateez,1,31.95,31.95,Physical
BuLIxNgVtkwIkK4IEvfaArrauaB,MUj14kReSWQ89E1dsyXFCyheV,2024-06-29 12:22:41.399,,,1,10.0,10.0,Physical
LH79somYavfFYtXjzKyQVvXivaB,AYiyG3zWcj5gOOEM4j1DJvveV,2024-06-29 12:18:57.233,,,1,10.0,10.0,Physical
nvic9qj9kVWqDpliBXdgPwpsnd7YY,Kl2qfldecaVfVG0N2yt1DDpTWwbZY,2024-06-28 17:05:41.694,,,1,5.0,5.0,Physical
B0mEfYAAKSqOEMJ5bIAdUyEuvaB,IUCuf5vWDoj1nPTfP6rFNyueV,2024-06-28 14:39:19.676,,,1,5.0,5.0,Physical
TDZc9VoffT5vqCFWYCqkfljfvaB,0QRozy4kBJ6GNh2ab2ESUCpeV,2024-06-28 14:31:56.632,,,1,10.0,10.0,Physical
RosklJgT5BTQDuthbUZbwUW6vaB,YetzjbXwtjA8XlxtslsMUI2eV,2024-06-28 12:55:21.516,,,1,10.0,10.0,Physical
zRcqjZU3cRBq5JiNiX9j1mGxvaB,O19Qj61tWPIMDEoIFMenUnteV,2024-06-27 16:16:40.320,"Stray Kids Rock-Star (Rock, Roll Ver.) ",Regular,1,32.95,32.95,Physical
V4rU5q08Awb4DraKz3RxoRedeQQZY,alq8b6lXUMKBcuXs8NtTIhj39eHZY,2024-06-25 15:55:48.060,ITZY Born To Be (Standard Ver.),Regular,2,31.95,63.9,Physical
JOHjbfxFoCxYmQyifQMZOR7luaB,OXMlMRRDPxiRr91Esdqj6lneV,2024-06-25 11:05:21.552,Seventeen - Seventeenth Heaven (Carat Ver.),Regular,1,34.95,34.95,Physical
5Ik5tU5VuNEOBmG2KEn3HcuCurZZY,KzXLr0MnCFrpGyvO02GKgLk0vhMZY,2024-06-23 15:36:04.426,,,2,5.0,10.0,Physical
B0Ul2xGjSlq2tWrR7u2Fg0ej8FPZY,qlAFygIye4Sai9BLKY1iADQBYkAZY,2024-06-23 14:44:46.722,BTS Butter (Random Ver.),BTS,1,37.95,37.95,Physical
H9hCEkKHhIK8qWihTluK8vI0vaB,cyuFqLIAbhV6Gf2srceRxEgeV,2024-06-23 14:41:35.352,BTS Butter (Random Ver.),BTS,1,37.95,37.95,Physical
H9hCEkKHhIK8qWihTluK8vI0vaB,cyuFqLIAbhV6Gf2srceRxEgeV,2024-06-23 14:41:35.352,BTS V Layover (Random Ver.),Regular,2,39.95,79.9,Physical
1wP6SDyX7ZaoBpjElocQp1aqvaB,kk3Yp4impHlDvePq6p7jbzieV,2024-06-23 14:34:33.975,BTS JungKook Golden (Random Ver.),Jungkook BTS,1,39.95,39.95,Physical
1wP6SDyX7ZaoBpjElocQp1aqvaB,kk3Yp4impHlDvePq6p7jbzieV,2024-06-23 14:34:33.975,BTS V Layover (Random Ver.),Regular,1,39.95,39.95,Physical
dEtvBnkTFak5WYJGq4oBsAVrTWKZY,AC7UWT9GVYe4Gvy6WrZnXOVmiZGZY,2024-06-23 14:23:02.256,BTS JungKook Golden (Random Ver.),Jungkook BTS,1,39.95,39.95,Physical
dGqVX4ah50kdAV8oSFBydWlK4E8YY,W1TMUggYNTUVIvR1b6Uf4PfH1iRZY,2024-06-23 14:20:26.235,BTS JungKook Golden (Random Ver.),Jungkook BTS,1,39.95,39.95,Physical
xMWSu2ypN4DKXK3kyl5thcP5taB,uHeig8NMBKPs74hlgdojCwoeV,2024-06-23 12:30:01.769,,,1,5.0,5.0,Physical
D3LMgZqTae0e4bNGZCIz1Go0NcLZY,cWOIvIRVVNkrPjPt2rMLm7WYPgIZY,2024-06-22 14:47:27.366,"Stray Kids Rock-Star (Rock, Roll Ver.) ",Regular,1,32.95,32.95,Physical
Z6jSs9rUPAs7RgJHyxOs0NZ7taB,seiOuVVOs03NVY9X1d99Fh1eV,2024-06-22 14:09:22.773,I’VE Mine (Random Ver.),I ' ve Mine - Random Cover,1,36.95,36.95,Physical
FIvm2bmu9kwy6O0IRVtxp25sldAZY,EaWCkAPVqzyRcQ8hWAUG2RD1hCDZY,2024-06-22 12:43:18.332,Enhypen Orange Blood (Random Ver.),Regular,1,39.95,39.95,Physical
7No61MAIaQW1c5yOhT6nQZzIvaB,gediSlRNeZKtqxaNtk5fMvheV,2024-06-22 12:21:35.716,BTS JungKook Golden (Random Ver.),Jungkook BTS,1,39.95,39.95,Physical
3nIvnYz5Nf1of1CjbyTUcVkVBlVZY,wYg7UJ3Vx23x7X40VqA5v4pKGG9YY,2024-06-22 11:26:26.921,Enhypen Orange Blood (Random Ver.),Regular,1,39.95,39.95,Physical
rzNZVmu0S5YqnThXGjqH1HdBwaB,8YbumVn3U0kDBv7r6gtF9TheV,2024-06-22 10:58:13.649,,,1,5.0,5.0,Physical
X3Er2YQvsN6Rr7uj2c1m5bqGuaB,EeQa56WPV3HF3nqcltCKT07eV,2024-06-21 16:48:33.985,Cash for Machine,Regular,1,5.0,5.0,Physical
jXdbLsG4cBNP4YWjPCLQ8nJhuaB,su2O9oOGlnBToqqO7LDMWu2eV,2024-06-21 15:27:03.345,,,1,5.0,5.0,Physical
7xUPFOAvWJgBnuh2Qwh7X2VCuaB,S1EGOdgw8DaQANSaVZuKZOjeV,2024-06-21 15:26:18.839,,,1,5.0,5.0,Physical
XhxDkmVttnXPAeHlawluhkgzuaB,u9hqaOWDdrhN8ejMjUe7CBleV,2024-06-20 20:13:41.024,,,1,10.0,10.0,Physical
3T2BeAe4q3B5nyjE5PWvhyWTvaB,4kK4FxqWhpqTRgjJ7OqeD9yeV,2024-06-19 14:00:26.028,I’VE Mine (Random Ver.),I ' ve Mine - Random Cover,1,36.95,36.95,Physical
XBtpi3gGOilqF3RLXNKwBQTGvaB,Yq3xRTpHXmeDiyXeTobd5HheV,2024-06-19 12:46:07.418,,,1,5.0,5.0,Physical
lgryq5YhJelk3EHfUrejFuIMuaB,CVKpr3PxM5UMGSahZSJmd4keV,2024-06-18 16:34:48.393,,,1,25.0,22.5,Physical
TBoYrLw3qoUHuXt9pFV6kCMEuaB,Kr3LHFRcfW6ZtSIl6Dr3gVqeV,2024-06-18 15:59:01.323,,,1,10.0,10.0,Physical
Zso2TNd56opgpFBrCgGuuaUduaB,ck56ua2SHJ3E4ShZb4RGoOheV,2024-06-18 15:46:21.976,Le Sserafim Easy (Random Ver.),Regular,1,36.95,36.95,Physical
R8AXecbsqimXezi8IAX7v1NfuaB,6r3dNbKzx85PnUBSOTn8WpyeV,2024-06-18 15:27:18.452,,,1,10.0,10.0,Physical
LbNntVrtcZ6Pr1xDpoQ95CZ6vaB,2dhnaFO68QIdcSnqYkJlsTweV,2024-06-17 16:49:03.141,BTS Map of the Soul: Persona (Random Ver.),Regular,1,35.95,35.95,Physical
9OMSQ6WzhEbzgbW47m5W9OYDCLGZY,G7qe8Y566sHXTXQ8PaYTFVH6NtcZY,2024-06-16 13:26:34.090,Le Sserafim Easy (Random Ver.),Regular,1,36.95,36.95,Physical
XvyKBSh6z6a0WlxuYlSARTxFGeCZY,iDrGRHeyTgE7qfAKmYsqruVkn4TZY,2024-06-16 12:12:31.528,,,1,5.0,5.0,Physical
FSi1oKAHmkHNX8wZoICGH8BKvaB,W7m47vyNvornRbyZtKoHclkeV,2024-06-16 11:36:54.947,Seventeen - Seventeenth Heaven (Carat Ver.),Regular,1,34.95,34.95,Physical
FSi1oKAHmkHNX8wZoICGH8BKvaB,W7m47vyNvornRbyZtKoHclkeV,2024-06-16 11:36:54.947,Seventeen - Seventeenth Heaven (Random Ver),Regular,1,39.95,39.95,Physical
H9jtXFZiMadNsNvYVtG1uHJQuaB,GJjBPHlskUPxIn7I2gQ0G4seV,2024-06-15 16:15:08.066,,,1,5.0,5.0,Physical
pyPKtkcrhkTizdudMrxKTF64PPTZY,CPFidxpF3ea0l1mZ6gANofhGYQeZY,2024-06-15 16:11:57.309,,,1,5.0,5.0,Physical
7D9zRVl00f5Jy2B2CmnQJRT0uaB,eTejPidABnJyo8LzhurTygqeV,2024-06-15 15:01:37.888,,,1,5.0,5.0,Physical
vf8MO7XLcZMZlXKYDbnMuUFDwaB,KJqrESwnn2aGYMYaB5Yk0NueV,2024-06-15 14:33:29.913,Cash for Machine,Regular,1,10.0,10.0,Physical
VKAMMVJPJc7lcMtLFsRHisVOuaB,YO5nmU6niJadLPhyPqq1AuxeV,2024-06-14 17:30:44.807,,,1,5.0,5.0,Physical
DvjYnFipgzJpBn5iQwJpm7T2vaB,gky9J28VhDV0CC6ZlDnnUc5eV,2024-06-14 17:19:07.873,Enhypen Orange Blood (Random Ver.),Regular,1,39.95,39.95,Physical
NkvurG2TddNZQbJ4ifQCIQCYuaB,wQeWzW5rb563CvrSo61LR9veV,2024-06-14 16:56:48.699,EXO Exist (Random Ver.),Exist,1,37.95,37.95,Physical
bZU9jSQFdNjosAm1ofoGIFD5uaB,QK97DMHuPw9MIvGcLybzMBheV,2024-06-14 14:41:02.728,Ateez The World EP.FIN : Will (Random Ver.),Ateez,1,31.95,31.95,Physical
7jTI2jhmCK7A79dAWp5sKJKgvaB,ksBReZenxHb3J5hG0gAwB2qeV,2024-06-14 14:18:16.713,Enhypen Orange Blood (Random Ver.),Regular,1,39.95,39.95,Physical
7jTI2jhmCK7A79dAWp5sKJKgvaB,ksBReZenxHb3J5hG0gAwB2qeV,2024-06-14 14:18:16.713,Seventeen - Seventeenth Heaven (Carat Ver.),Regular,1,34.95,34.95,Physical
pEir9paT3vOgjEl8cyskaEYpvaB,Myo0gfZnOY63dwycxUEvYh5eV,2024-06-14 13:40:50.300,Seventeen - Seventeenth Heaven (Random Ver),Regular,1,39.95,39.95,Physical
ZmRk16c1eHXcoFI236MeFkJcuaB,cCGNEW3HdgfWhvR3dyYWqGqeV,2024-06-14 13:05:07.876,Cash for Machine,Regular,1,10.0,10.0,Physical
BwsCYwPD2JA6ykbQuJ9LPPg4uaB,i3J0nzGFKvgQ38HhlXcBNemeV,2024-06-14 12:23:17.805,BTS V Layover (Random Ver.),Regular,1,39.95,39.95,Physical
lwxzxm3mWzZ3wVjbmypTmu67vaB,MK8MQY4ENCLGunjvBdT8fW7eV,2024-06-13 19:39:07.230,Aespa Drama (Giant Ver.),Regular,1,36.95,36.95,Physical
L9MA0a4APQE8EAtqnBjyhecfvaB,2ldRZNiL4qET4W75O9Ng9Y9eV,2024-06-13 19:34:05.226,,,1,20.0,20.0,Physical
VyCBznsLrogJNXOzvY0hyc13uaB,4UawVeC2BKEmK4LJYHsstQ5eV,2024-06-13 19:30:22.471,Aespa Drama (Giant Ver.),Regular,1,36.95,36.95,Physical
7haM4ofdSuMxDdABdzAMBzlwuaB,EIn5I2oLjqckW6w8PgJcqwreV,2024-06-13 19:27:18.847,"Stray Kids Rock-Star (Rock, Roll Ver.) ",Regular,2,32.95,65.9,Physical
dyOy4b0oCnTUrGeMt0mXnhlPvaB,uNlE6RjKYXFXKjxowG70bE2eV,2024-06-13 19:12:19.608,,,1,5.0,5.0,Physical
Hlt2yBAsesrxBhRzEwHmNWiAwaB,SFuXOf9FmTrUpjucHNUXf6neV,2024-06-13 17:17:03.814,,,1,5.0,5.0,Physical
Ld8WLGFhMn138ZCo8Hs4kF30IvQZY,SXbT4DAdIFLxsTVnEKWocptJKnOZY,2024-06-13 17:05:37.500,,,1,5.0,5.0,Physical
R2N38vK0ohjaFkFWD0eotKf5uaB,8IHG5hgnlgmItSx8AS9iZRweV,2024-06-13 15:15:15.200,BTS Map of the Soul: Persona (Random Ver.),Regular,1,35.95,35.95,Physical
TvPikroPXWE0GmAkxmTkJhofrASZY,eLaX9WSyY2Ob8ZDEvK4sPqSl9bKZY,2024-06-13 12:13:49.742,,,1,5.0,5.0,Physical
tqG0Ta9McNE8E1GNnmMwHXkhvaB,wK9vRx8IWOPCWy1EJ72vBBxeV,2024-06-12 17:28:01.696,BTS Jimin Face (Random Ver.),Regular,1,39.95,39.95,Physical
tqG0Ta9McNE8E1GNnmMwHXkhvaB,wK9vRx8IWOPCWy1EJ72vBBxeV,2024-06-12 17:28:01.696,NCT Dream - Dream()Scape (Photobook Ver.),Dream Scape,1,38.95,38.95,Physical
zzB4lbrnkUGFgOE2pIbFGbQlTVcZY,ceist6C7fQwMODMqDddIh2EByhYZY,2024-06-12 16:49:10.302,I’VE Mine (Random Ver.),I ' ve Mine - Random Cover,1,36.95,36.95,Physical
fxnd9StLZWOinD0fiRjfBcdAwaB,gcAOP7cAd6195nI5tYluzfweV,2024-06-12 16:41:11.812,ITZY Born To Be (Standard Ver.),Regular,1,31.95,31.95,Physical
FuiyeK7H4VUTzr5TEfILSrkr43ZZY,s2AtPULwMheyKPGBf7O9W56XbpFZY,2024-06-12 16:18:49.281,Enhypen Orange Blood (Random Ver.),Regular,1,39.95,39.95,Physical
pO54pekvohw42C5B9Sx3gQwxvaB,alwNm85dVfgj6dIQYS3SHM4eV,2024-06-12 16:08:15.080,TXT The Name Chapter: Freefall (Random Ver.),Regular,1,39.95,39.95,Physical
lgv6ldYrNZPMnnNKNTt4M7o5uaB,ClqnO8rpvyttkDpPhlSfpS8eV,2024-06-12 15:06:05.874,Twice With You-th (Random Ver.),Regular,1,35.95,35.95,Physical
DtY9gnyEQiQwJAYO81c63sDKuaB,wUmnQPw5Y89nUjbI36xzaNAfV,2024-06-12 11:17:16.577,,,1,5.0,5.0,Physical
jlkvVcEg2hdBnUKOKVEeWIKPuaB,yx6KIzDXmYM9yiqsDQ46S5ueV,2024-06-12 11:16:47.174,Aespa Drama (Giant Ver.),Regular,1,36.95,36.95,Physical
1SCjIQYWA246DaVVktr3M1eIvaB,iH1WB2dzoCinpGJcDypWLL8eV,2024-06-11 14:58:55.514,NCT Dream - Dream()Scape (Photobook Ver.),Dream Scape,1,38.95,38.95,Physical
fpV8IIcKhrFuzUUfdVagT86EuaB,O7IE1hqWFYcn7BBrNVDTbgjeV,2024-06-11 13:19:17.660,"Stray Kids Rock-Star (Rock, Roll Ver.) ",Regular,1,32.95,32.95,Physical
n5TuRfGD7S3GRWDqvjMlXzUhuaB,oK98oDdiR2CaTTZsSx2IEcweV,2024-06-11 12:56:21.893,Ateez The World EP.FIN : Will (Platform Ver.),Regular,1,23.95,23.95,Physical
FK0SNEeZqZWwxMm6S1Js30kkO7PZY,SrnkHDiDsMikUTrgV7ydfAEm0mIZY,2024-06-11 10:06:54.881,Cash for Machine,Regular,1,10.0,10.0,Physical
18hObYmg2PQTF4VcvS4QW2Q8taB,m3sCfWBplnGb3MMuEOngGt7eV,2024-06-10 16:54:38.080,Le Sserafim Easy (Random Ver.),Regular,1,36.95,36.95,Physical
paHuecaYph864UkfILV9LQaQvaB,goIHlgqDMskemlTpgVoExMgeV,2024-06-10 16:46:19.215,Seventeen - Seventeenth Heaven (Random Ver),Regular,1,39.95,35.95,Physical
D5UKvsjmnNOOFTb5xeU3RROruaB,4SRmcfI16JRBILUxfXs3UBmeV,2024-06-10 14:39:50.379,Seventeen - Seventeenth Heaven (Random Ver),Regular,2,39.95,79.9,Physical
7taN26fwsiV20eeBPpSmmQj8vaB,oC9aCRByjOeIcbodioUUUtieV,2024-06-10 13:53:24.747,I’VE Mine (Random Ver.),I ' ve Mine - Random Cover,1,36.95,36.95,Physical
7taN26fwsiV20eeBPpSmmQj8vaB,oC9aCRByjOeIcbodioUUUtieV,2024-06-10 13:53:24.747,Le Sserafim Easy (Random Ver.),Regular,1,36.95,36.95,Physical
7taN26fwsiV20eeBPpSmmQj8vaB,oC9aCRByjOeIcbodioUUUtieV,2024-06-10 13:53:24.747,Twice With You-th (Random Ver.),Regular,2,35.95,71.9,Physical
